<?xml version="1.0" encoding="UTF-8" ?>
<!DOCTYPE mapper PUBLIC "-//mybatis.org//DTD Mapper 3.0//EN" "http://mybatis.org/dtd/mybatis-3-mapper.dtd" >
<mapper namespace="com.crm.work.mapper.RoleMapper" >
  <resultMap id="BaseResultMap" type="com.crm.work.model.Role" >
    <id column="id" property="id" jdbcType="BIGINT" />
    <result column="name" property="name" jdbcType="VARCHAR" />
    <result column="is_system" property="isSystem" jdbcType="CHAR" />
    <result column="description" property="description" jdbcType="VARCHAR" />
    <result column="status" property="status" jdbcType="CHAR" />
    <result column="created_by" property="createdBy" jdbcType="VARCHAR" />
    <result column="created_dt" property="createdDt" jdbcType="TIMESTAMP" />
    <result column="updated_by" property="updatedBy" jdbcType="VARCHAR" />
    <result column="updated_dt" property="updatedDt" jdbcType="TIMESTAMP" />
  </resultMap>
  <sql id="Example_Where_Clause" >
    <where >
      <foreach collection="oredCriteria" item="criteria" separator="or" >
        <if test="criteria.valid" >
          <trim prefix="(" suffix=")" prefixOverrides="and" >
            <foreach collection="criteria.criteria" item="criterion" >
              <choose >
                <when test="criterion.noValue" >
                  and ${criterion.condition}
                </when>
                <when test="criterion.singleValue" >
                  and ${criterion.condition} #{criterion.value}
                </when>
                <when test="criterion.betweenValue" >
                  and ${criterion.condition} #{criterion.value} and #{criterion.secondValue}
                </when>
                <when test="criterion.listValue" >
                  and ${criterion.condition}
                  <foreach collection="criterion.value" item="listItem" open="(" close=")" separator="," >
                    #{listItem}
                  </foreach>
                </when>
              </choose>
            </foreach>
          </trim>
        </if>
      </foreach>
    </where>
  </sql>
  <sql id="Update_By_Example_Where_Clause" >
    <where >
      <foreach collection="example.oredCriteria" item="criteria" separator="or" >
        <if test="criteria.valid" >
          <trim prefix="(" suffix=")" prefixOverrides="and" >
            <foreach collection="criteria.criteria" item="criterion" >
              <choose >
                <when test="criterion.noValue" >
                  and ${criterion.condition}
                </when>
                <when test="criterion.singleValue" >
                  and ${criterion.condition} #{criterion.value}
                </when>
                <when test="criterion.betweenValue" >
                  and ${criterion.condition} #{criterion.value} and #{criterion.secondValue}
                </when>
                <when test="criterion.listValue" >
                  and ${criterion.condition}
                  <foreach collection="criterion.value" item="listItem" open="(" close=")" separator="," >
                    #{listItem}
                  </foreach>
                </when>
              </choose>
            </foreach>
          </trim>
        </if>
      </foreach>
    </where>
  </sql>

  <sql id="Base_Column_List">
     ${alias}.id, ${alias}.name, ${alias}.is_system, ${alias}.description, ${alias}.status, ${alias}.created_by, ${alias}.created_dt,
      ${alias}.updated_by, ${alias}.updated_dt
  </sql>

    <select id="list" resultMap="BaseResultMap" parameterType="com.crm.work.model.pojo.RoleSearchCondition" >
        select *
        from role
        <where>
            <if test="name != null" >
                and name like '%${name,jdbcType=VARCHAR}%'
            </if>
            <if test="isSystem != null" >
                and is_system = #{isSystem,jdbcType=CHAR}
            </if>
            <if test="status != null" >
                and status = #{status,jdbcType=CHAR}
            </if>
            <choose>
                <when test="startTime != null and endTime != null">
                    and created_dt between #{startTime,jdbcType=TIMESTAMP} and #{endTime,jdbcType=TIMESTAMP}
                </when>
                <otherwise>
                    <if test="startTime != null and endTime != null" >
                        <if test="startTime != null" >
                            and created_dt <![CDATA[>]]> #{startTime,jdbcType=TIMESTAMP}
                        </if>
                        <if test="endTime != null" >
                            and created_dt <![CDATA[<]]> #{endTime,jdbcType=TIMESTAMP}
                        </if>
                    </if>
                </otherwise>
            </choose>
        </where>
    </select>


  <select id="getRolesByUserId" resultMap="BaseResultMap" parameterType="java.lang.Long" >
    select
    <include refid="Base_Column_List">
        <property name="alias" value="t1"/>
    </include>
    from role as t1,user_role as t2
    where t2.user_id = #{uid,jdbcType=BIGINT}
  </select>



  <select id="selectByExample" resultMap="BaseResultMap" parameterType="com.crm.work.model.RoleCriteria" >
    select
    <if test="distinct" >
      distinct
    </if>
    <include refid="Base_Column_List">
      <property name="alias" value="t1"/>
    </include>
    from role as t1
    <if test="_parameter != null" >
      <include refid="Example_Where_Clause" />
    </if>
    <if test="orderByClause != null" >
      order by ${orderByClause}
    </if>
  </select>
  <select id="selectByPrimaryKey" resultMap="BaseResultMap" parameterType="java.lang.Long" >
    select
    <include refid="Base_Column_List">
      <property name="alias" value="t1"/>
    </include>
    from role as t1
    where id = #{id,jdbcType=BIGINT}
  </select>
  <delete id="deleteByPrimaryKey" parameterType="java.lang.Long" >
    delete from role
    where id = #{id,jdbcType=BIGINT}
  </delete>
  <delete id="deleteByExample" parameterType="com.crm.work.model.RoleCriteria" >
    delete from role
    <if test="_parameter != null" >
      <include refid="Example_Where_Clause" />
    </if>
  </delete>
  <insert id="insert" parameterType="com.crm.work.model.Role" >
    insert into role (id, name, is_system, 
      description, status, created_by, 
      created_dt, updated_by, updated_dt
      )
    values (#{id,jdbcType=BIGINT}, #{name,jdbcType=VARCHAR}, #{isSystem,jdbcType=CHAR}, 
      #{description,jdbcType=VARCHAR}, #{status,jdbcType=CHAR}, #{createdBy,jdbcType=VARCHAR}, 
      #{createdDt,jdbcType=TIMESTAMP}, #{updatedBy,jdbcType=VARCHAR}, #{updatedDt,jdbcType=TIMESTAMP}
      )
  </insert>
  <insert id="insertSelective" parameterType="com.crm.work.model.Role" >
    insert into role
    <trim prefix="(" suffix=")" suffixOverrides="," >
      <if test="id != null" >
        id,
      </if>
      <if test="name != null" >
        name,
      </if>
      <if test="isSystem != null" >
        is_system,
      </if>
      <if test="description != null" >
        description,
      </if>
      <if test="status != null" >
        status,
      </if>
      <if test="createdBy != null" >
        created_by,
      </if>
      <if test="createdDt != null" >
        created_dt,
      </if>
      <if test="updatedBy != null" >
        updated_by,
      </if>
      <if test="updatedDt != null" >
        updated_dt,
      </if>
    </trim>
    <trim prefix="values (" suffix=")" suffixOverrides="," >
      <if test="id != null" >
        #{id,jdbcType=BIGINT},
      </if>
      <if test="name != null" >
        #{name,jdbcType=VARCHAR},
      </if>
      <if test="isSystem != null" >
        #{isSystem,jdbcType=CHAR},
      </if>
      <if test="description != null" >
        #{description,jdbcType=VARCHAR},
      </if>
      <if test="status != null" >
        #{status,jdbcType=CHAR},
      </if>
      <if test="createdBy != null" >
        #{createdBy,jdbcType=VARCHAR},
      </if>
      <if test="createdDt != null" >
        #{createdDt,jdbcType=TIMESTAMP},
      </if>
      <if test="updatedBy != null" >
        #{updatedBy,jdbcType=VARCHAR},
      </if>
      <if test="updatedDt != null" >
        #{updatedDt,jdbcType=TIMESTAMP},
      </if>
    </trim>
  </insert>
  <select id="countByExample" parameterType="com.crm.work.model.RoleCriteria" resultType="java.lang.Integer" >
    select count(*) from role
    <if test="_parameter != null" >
      <include refid="Example_Where_Clause" />
    </if>
  </select>
  <update id="updatedByExampleSelective" parameterType="map" >
    update role
    <set >
      <if test="record.id != null" >
        id = #{record.id,jdbcType=BIGINT},
      </if>
      <if test="record.name != null" >
        name = #{record.name,jdbcType=VARCHAR},
      </if>
      <if test="record.isSystem != null" >
        is_system = #{record.isSystem,jdbcType=CHAR},
      </if>
      <if test="record.description != null" >
        description = #{record.description,jdbcType=VARCHAR},
      </if>
      <if test="record.status != null" >
        status = #{record.status,jdbcType=CHAR},
      </if>
      <if test="record.createdBy != null" >
        created_by = #{record.createdBy,jdbcType=VARCHAR},
      </if>
      <if test="record.createdDt != null" >
        created_dt = #{record.createdDt,jdbcType=TIMESTAMP},
      </if>
      <if test="record.updatedBy != null" >
        updated_by = #{record.updatedBy,jdbcType=VARCHAR},
      </if>
      <if test="record.updatedDt != null" >
        updated_dt = #{record.updatedDt,jdbcType=TIMESTAMP},
      </if>
    </set>
    <if test="_parameter != null" >
      <include refid="Update_By_Example_Where_Clause" />
    </if>
  </update>
  <update id="updatedByExample" parameterType="map" >
    update role
    set id = #{record.id,jdbcType=BIGINT},
      name = #{record.name,jdbcType=VARCHAR},
      is_system = #{record.isSystem,jdbcType=CHAR},
      description = #{record.description,jdbcType=VARCHAR},
      status = #{record.status,jdbcType=CHAR},
      created_by = #{record.createdBy,jdbcType=VARCHAR},
      created_dt = #{record.createdDt,jdbcType=TIMESTAMP},
      updated_by = #{record.updatedBy,jdbcType=VARCHAR},
      updated_dt = #{record.updatedDt,jdbcType=TIMESTAMP}
    <if test="_parameter != null" >
      <include refid="Update_By_Example_Where_Clause" />
    </if>
  </update>
  <update id="updatedByPrimaryKeySelective" parameterType="com.crm.work.model.Role" >
    update role
    <set >
      <if test="name != null" >
        name = #{name,jdbcType=VARCHAR},
      </if>
      <if test="isSystem != null" >
        is_system = #{isSystem,jdbcType=CHAR},
      </if>
      <if test="description != null" >
        description = #{description,jdbcType=VARCHAR},
      </if>
      <if test="status != null" >
        status = #{status,jdbcType=CHAR},
      </if>
      <if test="createdBy != null" >
        created_by = #{createdBy,jdbcType=VARCHAR},
      </if>
      <if test="createdDt != null" >
        created_dt = #{createdDt,jdbcType=TIMESTAMP},
      </if>
      <if test="updatedBy != null" >
        updated_by = #{updatedBy,jdbcType=VARCHAR},
      </if>
      <if test="updatedDt != null" >
        updated_dt = #{updatedDt,jdbcType=TIMESTAMP},
      </if>
    </set>
    where id = #{id,jdbcType=BIGINT}
  </update>
  <update id="updatedByPrimaryKey" parameterType="com.crm.work.model.Role" >
    update role
    set name = #{name,jdbcType=VARCHAR},
      is_system = #{isSystem,jdbcType=CHAR},
      description = #{description,jdbcType=VARCHAR},
      status = #{status,jdbcType=CHAR},
      created_by = #{createdBy,jdbcType=VARCHAR},
      created_dt = #{createdDt,jdbcType=TIMESTAMP},
      updated_by = #{updatedBy,jdbcType=VARCHAR},
      updated_dt = #{updatedDt,jdbcType=TIMESTAMP}
    where id = #{id,jdbcType=BIGINT}
  </update>
</mapper>