<?xml version="1.0" encoding="UTF-8" ?>
<!DOCTYPE mapper PUBLIC "-//mybatis.org//DTD Mapper 3.0//EN" "http://mybatis.org/dtd/mybatis-3-mapper.dtd" >
<mapper namespace="com.crm.work.mapper.UserRoleMapper" >
  <resultMap id="BaseResultMap" type="com.crm.work.model.UserRole" >
    <id column="id" property="id" jdbcType="BIGINT" />
    <result column="role_id" property="roleId" jdbcType="BIGINT" />
    <result column="user_id" property="userId" jdbcType="BIGINT" />
    <result column="created_dt" property="createdDt" jdbcType="TIMESTAMP" />
    <result column="updated_dt" property="updatedDt" jdbcType="TIMESTAMP" />
  </resultMap>
  <sql id="Example_Where_Clause" >
    <where >
      <foreach collection="oredCriteria" item="criteria" separator="or" >
        <if test="criteria.valid" >
          <trim prefix="(" suffix=")" prefixOverrides="and" >
            <foreach collection="criteria.criteria" item="criterion" >
              <choose >
                <when test="criterion.noValue" >
                  and ${criterion.condition}
                </when>
                <when test="criterion.singleValue" >
                  and ${criterion.condition} #{criterion.value}
                </when>
                <when test="criterion.betweenValue" >
                  and ${criterion.condition} #{criterion.value} and #{criterion.secondValue}
                </when>
                <when test="criterion.listValue" >
                  and ${criterion.condition}
                  <foreach collection="criterion.value" item="listItem" open="(" close=")" separator="," >
                    #{listItem}
                  </foreach>
                </when>
              </choose>
            </foreach>
          </trim>
        </if>
      </foreach>
    </where>
  </sql>
  <sql id="Update_By_Example_Where_Clause" >
    <where >
      <foreach collection="example.oredCriteria" item="criteria" separator="or" >
        <if test="criteria.valid" >
          <trim prefix="(" suffix=")" prefixOverrides="and" >
            <foreach collection="criteria.criteria" item="criterion" >
              <choose >
                <when test="criterion.noValue" >
                  and ${criterion.condition}
                </when>
                <when test="criterion.singleValue" >
                  and ${criterion.condition} #{criterion.value}
                </when>
                <when test="criterion.betweenValue" >
                  and ${criterion.condition} #{criterion.value} and #{criterion.secondValue}
                </when>
                <when test="criterion.listValue" >
                  and ${criterion.condition}
                  <foreach collection="criterion.value" item="listItem" open="(" close=")" separator="," >
                    #{listItem}
                  </foreach>
                </when>
              </choose>
            </foreach>
          </trim>
        </if>
      </foreach>
    </where>
  </sql>
  <sql id="Base_Column_List" >
    id, role_id, user_id, created_dt, updated_dt
  </sql>

  <insert id="batchInsert" parameterType="java.util.List">
    insert into user_role (id, role_id, user_id,
    created_dt) values
    <foreach collection="recordList" item="item" index="index" separator=",">
      (
      #{item.id,jdbcType=BIGINT},
      #{item.roleId,jdbcType=BIGINT},
      #{item.userId,jdbcType=BIGINT},
      #{item.createdDt,jdbcType=TIMESTAMP}
      )
  </foreach>
  </insert>

  <delete id="batchDelete" parameterType="java.util.List">
    delete from user_role where id in
    <foreach collection="roleIdList" item="item" index="index" separator="," close=")" open="(">
      (
      #{item}
      )
    </foreach>
  </delete>

  <select id="selectByUserId" resultMap="BaseResultMap" parameterType="java.lang.Long" >
    select
    <include refid="Base_Column_List" />
    from user_role
    where user_id = #{userId,jdbcType=BIGINT}
  </select>



  <select id="selectByExample" resultMap="BaseResultMap" parameterType="com.crm.work.model.UserRoleCriteria" >
    select
    <if test="distinct" >
      distinct
    </if>
    <include refid="Base_Column_List" />
    from user_role
    <if test="_parameter != null" >
      <include refid="Example_Where_Clause" />
    </if>
    <if test="orderByClause != null" >
      order by ${orderByClause}
    </if>
  </select>
  <select id="selectByPrimaryKey" resultMap="BaseResultMap" parameterType="java.lang.Long" >
    select 
    <include refid="Base_Column_List" />
    from user_role
    where id = #{id,jdbcType=BIGINT}
  </select>
  <delete id="deleteByPrimaryKey" parameterType="java.lang.Long" >
    delete from user_role
    where id = #{id,jdbcType=BIGINT}
  </delete>
  <delete id="deleteByExample" parameterType="com.crm.work.model.UserRoleCriteria" >
    delete from user_role
    <if test="_parameter != null" >
      <include refid="Example_Where_Clause" />
    </if>
  </delete>
  <insert id="insert" parameterType="com.crm.work.model.UserRole" >
    insert into user_role (id, role_id, user_id, 
      created_dt, updated_dt)
    values (#{id,jdbcType=BIGINT}, #{roleId,jdbcType=BIGINT}, #{userId,jdbcType=BIGINT}, 
      #{createdDt,jdbcType=TIMESTAMP}, #{updatedDt,jdbcType=TIMESTAMP})
  </insert>
  <insert id="insertSelective" parameterType="com.crm.work.model.UserRole" >
    insert into user_role
    <trim prefix="(" suffix=")" suffixOverrides="," >
      <if test="id != null" >
        id,
      </if>
      <if test="roleId != null" >
        role_id,
      </if>
      <if test="userId != null" >
        user_id,
      </if>
      <if test="createdDt != null" >
        created_dt,
      </if>
      <if test="updatedDt != null" >
        updated_dt,
      </if>
    </trim>
    <trim prefix="values (" suffix=")" suffixOverrides="," >
      <if test="id != null" >
        #{id,jdbcType=BIGINT},
      </if>
      <if test="roleId != null" >
        #{roleId,jdbcType=BIGINT},
      </if>
      <if test="userId != null" >
        #{userId,jdbcType=BIGINT},
      </if>
      <if test="createdDt != null" >
        #{createdDt,jdbcType=TIMESTAMP},
      </if>
      <if test="updatedDt != null" >
        #{updatedDt,jdbcType=TIMESTAMP},
      </if>
    </trim>
  </insert>
  <select id="countByExample" parameterType="com.crm.work.model.UserRoleCriteria" resultType="java.lang.Integer" >
    select count(*) from user_role
    <if test="_parameter != null" >
      <include refid="Example_Where_Clause" />
    </if>
  </select>
  <update id="updateByExampleSelective" parameterType="map" >
    update user_role
    <set >
      <if test="record.id != null" >
        id = #{record.id,jdbcType=BIGINT},
      </if>
      <if test="record.roleId != null" >
        role_id = #{record.roleId,jdbcType=BIGINT},
      </if>
      <if test="record.userId != null" >
        user_id = #{record.userId,jdbcType=BIGINT},
      </if>
      <if test="record.createdDt != null" >
        created_dt = #{record.createdDt,jdbcType=TIMESTAMP},
      </if>
      <if test="record.updatedDt != null" >
        updated_dt = #{record.updatedDt,jdbcType=TIMESTAMP},
      </if>
    </set>
    <if test="_parameter != null" >
      <include refid="Update_By_Example_Where_Clause" />
    </if>
  </update>
  <update id="updateByExample" parameterType="map" >
    update user_role
    set id = #{record.id,jdbcType=BIGINT},
      role_id = #{record.roleId,jdbcType=BIGINT},
      user_id = #{record.userId,jdbcType=BIGINT},
      created_dt = #{record.createdDt,jdbcType=TIMESTAMP},
      updated_dt = #{record.updatedDt,jdbcType=TIMESTAMP}
    <if test="_parameter != null" >
      <include refid="Update_By_Example_Where_Clause" />
    </if>
  </update>
  <update id="updateByPrimaryKeySelective" parameterType="com.crm.work.model.UserRole" >
    update user_role
    <set >
      <if test="roleId != null" >
        role_id = #{roleId,jdbcType=BIGINT},
      </if>
      <if test="userId != null" >
        user_id = #{userId,jdbcType=BIGINT},
      </if>
      <if test="createdDt != null" >
        created_dt = #{createdDt,jdbcType=TIMESTAMP},
      </if>
      <if test="updatedDt != null" >
        updated_dt = #{updatedDt,jdbcType=TIMESTAMP},
      </if>
    </set>
    where id = #{id,jdbcType=BIGINT}
  </update>
  <update id="updateByPrimaryKey" parameterType="com.crm.work.model.UserRole" >
    update user_role
    set role_id = #{roleId,jdbcType=BIGINT},
      user_id = #{userId,jdbcType=BIGINT},
      created_dt = #{createdDt,jdbcType=TIMESTAMP},
      updated_dt = #{updatedDt,jdbcType=TIMESTAMP}
    where id = #{id,jdbcType=BIGINT}
  </update>
</mapper>