<?xml version="1.0" encoding="UTF-8" ?>
<!DOCTYPE generatorConfiguration PUBLIC "-//mybatis.org//DTD MyBatis Generator Configuration 1.0//EN" "
http://mybatis.org/dtd/mybatis-generator-config_1_0.dtd" >
<generatorConfiguration>
    <!-- 数据库驱动:选择你的本地硬盘上面的数据库驱动包-->
    <classPathEntry  location="C:\Users\Administrator\.m2\repository\org\postgresql\postgresql\42.2.5\postgresql-42.2.5.jar"/>
    <context id="DB2Tables"  targetRuntime="MyBatis3">

        <plugin type="org.mybatis.generator.plugins.RenameExampleClassPlugin">
            <property name="searchString" value="Example$" />
            <property name="replaceString" value="Criteria" />
        </plugin>

        <commentGenerator>
            <property name="suppressDate" value="true"/>
            <!-- 是否去除自动生成的注释 true：是 ： false:否 -->
            <property name="suppressAllComments" value="true"/>
        </commentGenerator>
        <!--数据库链接URL，用户名、密码 -->
        <jdbcConnection driverClass="org.postgresql.Driver"
                        connectionURL="jdbc:postgresql://127.0.0.1:5432/crm-work"
                        userId="root" password="123456">
        </jdbcConnection>
        <javaTypeResolver>
            <property name="forceBigDecimals" value="false"/>
        </javaTypeResolver>
        <!-- 生成模型的包名和位置-->
        <javaModelGenerator targetPackage="com.crm.work.model" targetProject="src/main/java">
            <property name="enableSubPackages" value="true"/>
            <property name="trimStrings" value="true"/>
        </javaModelGenerator>
        <!-- 生成映射文件的包名和位置-->
        <sqlMapGenerator targetPackage="mapping" targetProject="src/main/resources">
            <property name="enableSubPackages" value="true"/>
        </sqlMapGenerator>
        <!-- 生成DAO的包名和位置-->
        <javaClientGenerator type="XMLMAPPER" targetPackage="com.crm.work.mapper" targetProject="src/main/java">
            <property name="enableSubPackages" value="true"/>
        </javaClientGenerator>
        <!-- 要生成的表 tableName是数据库中的表名或视图名 domainObjectName是实体类名-->
        <!--enableCountByExample="false" enableUpdateByExample="false"
              enableDeleteByExample="false" enableSelectByExample="false" selectByExampleQueryId="false"-->
<!--        <table  schema="VD_UserServerDB" tableName="vd_users" domainObjectName="Users">
            <generatedKey column="id" sqlStatement="Mysql" identity="true"/>
        </table>-->

 <!--     <table schema="VD_UserServerDB" tableName="userorganizations" domainObjectName="UserOrganizations">
            <generatedKey column="id" sqlStatement="Mysql" identity="true"/>
        </table>-->

        <table tableName="custom_follow" domainObjectName="CustomFollow">
            <!--<generatedKey column="id" sqlStatement="Mysql" identity="true"/>-->
        </table>
        <table tableName="custom_info" domainObjectName="CustomInfo">
            <!--<generatedKey column="id" sqlStatement="Mysql" identity="true"/>-->
        </table>
        <table tableName="customer_attribute" domainObjectName="CustomerAttribute">
            <!--<generatedKey column="id" sqlStatement="Mysql" identity="true"/>-->
        </table>



        <!--    <table tableName="departments" domainObjectName="Departments">
               <generatedKey column="id" sqlStatement="Mysql" identity="true"/>
           </table>

               <table tableName="userrolememberships" domainObjectName="UserRoleMemberships">
                  <generatedKey column="id" sqlStatement="Mysql" identity="true"/>
              </table>-->

    </context>
</generatorConfiguration>
