<?xml version="1.0" encoding="UTF-8"?>
<configuration>
  <!-- 控制台打印日志的相关配置 --> 
  <appender name="STDOUT" class="ch.qos.logback.core.ConsoleAppender"> 
    <!-- 日志格式 -->
    <encoder>
        <pattern>%d{yyyy-MM-dd HH:mm:ss} [%level] - %m%n</pattern>
    </encoder>
    <!-- 日志级别过滤器 -->
    <filter class="ch.qos.logback.classic.filter.LevelFilter">
      <!-- 过滤的级别 -->
      <level>WARN</level>
      <!-- 匹配时的操作：接收（记录） -->
      <onMatch>ACCEPT</onMatch>
      <!-- 不匹配时的操作：拒绝（不记录） -->
      <onMismatch>DENY</onMismatch>
    </filter>
  </appender>

  <!-- 文件保存日志的相关配置 --> 
  <appender name="INFO-OUT" class="ch.qos.logback.core.rolling.RollingFileAppender">
     <!-- 保存日志文件的路径 -->
    <file>/tmp/logs/agc-assistant.info</file>
    <!-- 日志格式 -->
    <encoder>
        <pattern>%d{yyyy-MM-dd HH:mm:ss} [%class:%line] - %m%n</pattern>
    </encoder>
    <!-- 日志级别过滤器 -->
    <filter class="ch.qos.logback.classic.filter.LevelFilter">
      <!-- 过滤的级别 -->
      <level>INFO</level>
      <!-- 匹配时的操作：接收（记录） -->
      <onMatch>ACCEPT</onMatch>
      <!-- 不匹配时的操作：拒绝（不记录） -->
      <onMismatch>DENY</onMismatch>
    </filter>
    <!-- 循环政策：基于时间创建日志文件 -->
    <rollingPolicy class="ch.qos.logback.core.rolling.TimeBasedRollingPolicy">
      <!-- 日志文件名格式 -->
      <fileNamePattern>/tmp/logs/agc-assistant.%d{yyyy-MM-dd}.info</fileNamePattern>
      <!-- 最大保存时间：7天-->
      <maxHistory>7</maxHistory>
    </rollingPolicy>
  </appender>
  <appender name="ERROR-OUT" class="ch.qos.logback.core.rolling.RollingFileAppender">
     <!-- 保存日志文件的路径 -->
    <file>/tmp/logs/agc-assistant.error</file>
    <!-- 日志格式 -->
    <encoder>
        <pattern>%d{yyyy-MM-dd HH:mm:ss} [%class:%line] - %m%n</pattern>
    </encoder>
    <!-- 日志级别过滤器 -->
    <filter class="ch.qos.logback.classic.filter.LevelFilter">
      <!-- 过滤的级别 -->
      <level>ERROR</level>
      <!-- 匹配时的操作：接收（记录） -->
      <onMatch>ACCEPT</onMatch>
      <!-- 不匹配时的操作：拒绝（不记录） -->
      <onMismatch>DENY</onMismatch>
    </filter>
    <!-- 循环政策：基于时间创建日志文件 -->
    <rollingPolicy class="ch.qos.logback.core.rolling.TimeBasedRollingPolicy">
      <!-- 日志文件名格式 -->
      <fileNamePattern>/tmp/logs/agc-assistant.%d{yyyy-MM-dd}.error</fileNamePattern>
      <!-- 最大保存时间：7天-->
      <maxHistory>7</maxHistory>
    </rollingPolicy>
  </appender>
   <appender name="DEBUG-OUT" class="ch.qos.logback.core.rolling.RollingFileAppender">
     <!-- 保存日志文件的路径 -->
    <file>/tmp/logs/agc-assistant.debug</file>
    <!-- 日志格式 -->
    <encoder>
        <pattern>%d{yyyy-MM-dd HH:mm:ss} [%class:%line] - %m%n</pattern>
    </encoder>
    <!-- 日志级别过滤器 -->
    <filter class="ch.qos.logback.classic.filter.LevelFilter">
      <!-- 过滤的级别 -->
      <level>DEBUG</level>
      <!-- 匹配时的操作：接收（记录） -->
      <onMatch>ACCEPT</onMatch>
      <!-- 不匹配时的操作：拒绝（不记录） -->
      <onMismatch>DENY</onMismatch>
    </filter>
    <!-- 循环政策：基于时间创建日志文件 -->
    <rollingPolicy class="ch.qos.logback.core.rolling.TimeBasedRollingPolicy">
      <!-- 日志文件名格式 -->
      <fileNamePattern>/tmp/logs/agc-assistant.%d{yyyy-MM-dd}.debug</fileNamePattern>
      <!-- 最大保存时间：7天-->
      <maxHistory>7</maxHistory>
    </rollingPolicy>
  </appender>

  <!-- 基于dubug处理日志：具体控制台或者文件对日志级别的处理还要看所在appender配置的filter，如果没有配置filter，则使用root配置 -->
  <root level="debug">
    <appender-ref ref="STDOUT" />
    <appender-ref ref="INFO-OUT" />
    <appender-ref ref="ERROR-OUT" />
    <!-- <appender-ref ref="DEBUG-OUT" /> -->
  </root>
</configuration>