<?xml version="1.0" encoding="UTF-8" ?>
<!DOCTYPE mapper PUBLIC "-//mybatis.org//DTD Mapper 3.0//EN" "http://mybatis.org/dtd/mybatis-3-mapper.dtd" >
<mapper namespace="com.crm.work.mapper.CustomerAttributeMapper" >
  <resultMap id="BaseResultMap" type="com.crm.work.model.CustomerAttribute" >
    <id column="cid" property="cid" jdbcType="BIGINT" />
    <result column="attr_name" property="attrName" jdbcType="VARCHAR" />
    <result column="attr_value" property="attrValue" jdbcType="VARCHAR" />
  </resultMap>
  <sql id="Example_Where_Clause" >
    <where >
      <foreach collection="oredCriteria" item="criteria" separator="or" >
        <if test="criteria.valid" >
          <trim prefix="(" suffix=")" prefixOverrides="and" >
            <foreach collection="criteria.criteria" item="criterion" >
              <choose >
                <when test="criterion.noValue" >
                  and ${criterion.condition}
                </when>
                <when test="criterion.singleValue" >
                  and ${criterion.condition} #{criterion.value}
                </when>
                <when test="criterion.betweenValue" >
                  and ${criterion.condition} #{criterion.value} and #{criterion.secondValue}
                </when>
                <when test="criterion.listValue" >
                  and ${criterion.condition}
                  <foreach collection="criterion.value" item="listItem" open="(" close=")" separator="," >
                    #{listItem}
                  </foreach>
                </when>
              </choose>
            </foreach>
          </trim>
        </if>
      </foreach>
    </where>
  </sql>
  <sql id="Update_By_Example_Where_Clause" >
    <where >
      <foreach collection="example.oredCriteria" item="criteria" separator="or" >
        <if test="criteria.valid" >
          <trim prefix="(" suffix=")" prefixOverrides="and" >
            <foreach collection="criteria.criteria" item="criterion" >
              <choose >
                <when test="criterion.noValue" >
                  and ${criterion.condition}
                </when>
                <when test="criterion.singleValue" >
                  and ${criterion.condition} #{criterion.value}
                </when>
                <when test="criterion.betweenValue" >
                  and ${criterion.condition} #{criterion.value} and #{criterion.secondValue}
                </when>
                <when test="criterion.listValue" >
                  and ${criterion.condition}
                  <foreach collection="criterion.value" item="listItem" open="(" close=")" separator="," >
                    #{listItem}
                  </foreach>
                </when>
              </choose>
            </foreach>
          </trim>
        </if>
      </foreach>
    </where>
  </sql>
  <sql id="Base_Column_List" >
    cid, attr_name, attr_value
  </sql>
  <select id="selectByExample" resultMap="BaseResultMap" parameterType="com.crm.work.model.CustomerAttributeCriteria" >
    select
    <if test="distinct" >
      distinct
    </if>
    <include refid="Base_Column_List" />
    from customer_attribute
    <if test="_parameter != null" >
      <include refid="Example_Where_Clause" />
    </if>
    <if test="orderByClause != null" >
      order by ${orderByClause}
    </if>
  </select>
  <select id="selectByPrimaryKey" resultMap="BaseResultMap" parameterType="java.lang.Long" >
    select 
    <include refid="Base_Column_List" />
    from customer_attribute
    where cid = #{cid,jdbcType=BIGINT}
  </select>
  <delete id="deleteByPrimaryKey" parameterType="java.lang.Long" >
    delete from customer_attribute
    where cid = #{cid,jdbcType=BIGINT}
  </delete>
  <delete id="deleteByExample" parameterType="com.crm.work.model.CustomerAttributeCriteria" >
    delete from customer_attribute
    <if test="_parameter != null" >
      <include refid="Example_Where_Clause" />
    </if>
  </delete>
  <insert id="insert" parameterType="com.crm.work.model.CustomerAttribute" >
    insert into customer_attribute (cid, attr_name, attr_value
      )
    values (#{cid,jdbcType=BIGINT}, #{attrName,jdbcType=VARCHAR}, #{attrValue,jdbcType=VARCHAR}
      )
  </insert>
  <insert id="insertSelective" parameterType="com.crm.work.model.CustomerAttribute" >
    insert into customer_attribute
    <trim prefix="(" suffix=")" suffixOverrides="," >
      <if test="cid != null" >
        cid,
      </if>
      <if test="attrName != null" >
        attr_name,
      </if>
      <if test="attrValue != null" >
        attr_value,
      </if>
    </trim>
    <trim prefix="values (" suffix=")" suffixOverrides="," >
      <if test="cid != null" >
        #{cid,jdbcType=BIGINT},
      </if>
      <if test="attrName != null" >
        #{attrName,jdbcType=VARCHAR},
      </if>
      <if test="attrValue != null" >
        #{attrValue,jdbcType=VARCHAR},
      </if>
    </trim>
  </insert>
  <select id="countByExample" parameterType="com.crm.work.model.CustomerAttributeCriteria" resultType="java.lang.Integer" >
    select count(*) from customer_attribute
    <if test="_parameter != null" >
      <include refid="Example_Where_Clause" />
    </if>
  </select>
  <update id="updateByExampleSelective" parameterType="map" >
    update customer_attribute
    <set >
      <if test="record.cid != null" >
        cid = #{record.cid,jdbcType=BIGINT},
      </if>
      <if test="record.attrName != null" >
        attr_name = #{record.attrName,jdbcType=VARCHAR},
      </if>
      <if test="record.attrValue != null" >
        attr_value = #{record.attrValue,jdbcType=VARCHAR},
      </if>
    </set>
    <if test="_parameter != null" >
      <include refid="Update_By_Example_Where_Clause" />
    </if>
  </update>
  <update id="updateByExample" parameterType="map" >
    update customer_attribute
    set cid = #{record.cid,jdbcType=BIGINT},
      attr_name = #{record.attrName,jdbcType=VARCHAR},
      attr_value = #{record.attrValue,jdbcType=VARCHAR}
    <if test="_parameter != null" >
      <include refid="Update_By_Example_Where_Clause" />
    </if>
  </update>
  <update id="updateByPrimaryKeySelective" parameterType="com.crm.work.model.CustomerAttribute" >
    update customer_attribute
    <set >
      <if test="attrName != null" >
        attr_name = #{attrName,jdbcType=VARCHAR},
      </if>
      <if test="attrValue != null" >
        attr_value = #{attrValue,jdbcType=VARCHAR},
      </if>
    </set>
    where cid = #{cid,jdbcType=BIGINT}
  </update>
  <update id="updateByPrimaryKey" parameterType="com.crm.work.model.CustomerAttribute" >
    update customer_attribute
    set attr_name = #{attrName,jdbcType=VARCHAR},
      attr_value = #{attrValue,jdbcType=VARCHAR}
    where cid = #{cid,jdbcType=BIGINT}
  </update>
</mapper>