<?xml version="1.0" encoding="UTF-8" ?>
<!DOCTYPE mapper PUBLIC "-//mybatis.org//DTD Mapper 3.0//EN" "http://mybatis.org/dtd/mybatis-3-mapper.dtd" >
<mapper namespace="com.crm.assistant.mapper.RemainInfoMapper">
	<resultMap id="BaseResultMap"
		type="com.crm.assistant.model.remain.RemainInfoVo">
		<id column="remain_id" property="remainId" jdbcType="INTEGER" />
		<result column="remain_type" property="remainType" jdbcType="INTEGER" />
		<result column="from_module" property="fromModule" jdbcType="VARCHAR" />
		<result column="module_id" property="moduleId" jdbcType="VARCHAR" />
		<result column="module_path" property="modulePath" jdbcType="VARCHAR" />
		<result column="content" property="content" jdbcType="VARCHAR" />
		<result column="remain_date" property="remainDate" jdbcType="VARCHAR" />
		<result column="remain_time" property="remainTime" jdbcType="VARCHAR" />
		<result column="notice_time" property="noticeTime" jdbcType="INTEGER" />
		<result column="remark" property="remark" jdbcType="VARCHAR" />
		<result column="remain_status" property="remainStatus"
			jdbcType="INTEGER" />
		<result column="create_date" property="createDate" jdbcType="VARCHAR" />
		<result column="create_by" property="createBy" jdbcType="VARCHAR" />
	</resultMap>

	<!--查询所有需要发推送的待办 -->
	<select id="queryForSend" resultMap="BaseResultMap">
		select * from remain_info
		where unix_timestamp(str_to_date(concat(remain_date,'
		',remain_time),'%Y-%m-%d
		%H:%i'))-(60*notice_time)=unix_timestamp(str_to_date(date_format(now(),
		'%Y-%m-%d %H:%i'),'%Y-%m-%d %H:%i'))
		order by remain_id asc
	</select>

	<!--其他模块新建待办时根据模块名和id查询 -->
	<select id="queryByModule" resultMap="BaseResultMap">
		select * from remain_info
		<where>
			<if test="fromModule!=null and fromModule!=''">
				and from_module=#{fromModule}
			</if>
			<if test="moduleId!=null and moduleId!=''">
				and module_id=#{moduleId}
			</if>
			<if test="partitionNo !=null and partitionNo !=''">
				and partition_no=#{partitionNo}
			</if>
		</where>
	</select>

	<!--PC端查询列表 -->
	<select id="queryForPC" resultMap="BaseResultMap">
		select * from remain_info
		<where>
			<if test="startDate!=null and startDate!=''">
			<![CDATA[and create_date>=#{startDate}]]>
			</if>
			<if test="endDate!=null and endDate!=''">
			<![CDATA[and create_date<=#{endDate}]]>
			</if>
			<if test="remainStatus!=null and remainStatus!=''">
				and remain_status=#{remainStatus}
			</if>
			<if test="fromModule!=null and fromModule!=''">
				<if test="fromModule=='新建事件'">
					and remain_type=1
				</if>
				<if test="fromModule!='新建事件'">
					and remain_type=2 and from_module=#{fromModule}
				</if>
			</if>
			<if test="userLoginId!=null and userLoginId!=''">
				and create_by=#{userLoginId}
			</if>
			<if test="partitionNo !=null and partitionNo !=''">
				and partition_no=#{partitionNo}
			</if>
		</where>
		order by remain_id desc
	</select>

	<!--按日期和创建人查询 -->
	<select id="queryByDateAndUser" resultMap="BaseResultMap">
		select *
		from remain_info
		where remain_date = #{remainDate}
		and
		create_by=#{userLoginId}
		<if test="remainStatusArray!=null and remainStatusArray.length>0">
			and remain_status in
			<foreach item="item" index="index" collection="remainStatusArray"
				open="(" separator="," close=")">
				#{item}
			</foreach>
		</if>
		<if test="partitionNo !=null and partitionNo !=''">
			and partition_no=#{partitionNo}
		</if>
		order by remain_time asc
	</select>

	<select id="listDate" resultType="hashMap">
		select remain_date,content from remain_info where
		create_by=#{userLoginId}
		and left(remain_date,7)=#{month}
		<if test="partitionNo !=null and partitionNo !=''">
			and partition_no=#{partitionNo}
		</if>
		group by remain_date,content
	</select>

	<select id="selectByPrimaryKey" resultMap="BaseResultMap"
		parameterType="java.lang.Integer">
		select * from remain_info
		where remain_id =
		#{remainId,jdbcType=INTEGER}
	</select>
	<delete id="deleteByPrimaryKey" parameterType="java.lang.Integer">
		delete from
		remain_infoS
		where remain_id = #{remainId,jdbcType=INTEGER}
	</delete>
	<insert id="insert" parameterType="com.by.crm.dto.RemainInfoDto"
		useGeneratedKeys="true" keyProperty="remainId">
		insert into remain_info
		(remain_id, remain_type, from_module,
		module_id,module_path, content,
		remain_date,
		remain_time, notice_time, remark,
		remain_status,
		create_date, create_by, partition_no
		)
		values
		(#{remainId,jdbcType=INTEGER},
		#{remainType,jdbcType=INTEGER},
		#{fromModule,jdbcType=VARCHAR},
		#{moduleId},#{module_path},
		#{content,jdbcType=VARCHAR},
		#{remainDate,jdbcType=VARCHAR},
		#{remainTime,jdbcType=VARCHAR},
		#{noticeTime,jdbcType=INTEGER},
		#{remark,jdbcType=VARCHAR},
		#{remainStatus,jdbcType=INTEGER},
		#{createDate,jdbcType=VARCHAR},
		#{createBy,jdbcType=VARCHAR},#{partitionNo,jdbcType=VARCHAR}
		)
	</insert>
	<insert id="insertSelective" parameterType="com.by.crm.dto.RemainInfoDto"
		useGeneratedKeys="true" keyProperty="remainId">
		insert into remain_info
		<trim prefix="(" suffix=")" suffixOverrides=",">
			<if test="remainId != null">
				remain_id,
			</if>
			<if test="remainType != null">
				remain_type,
			</if>
			<if test="fromModule != null">
				from_module,
			</if>
			<if test="moduleId != null">
				module_id,
			</if>
			<if test="modulePath != null">
				module_path,
			</if>
			<if test="content != null">
				content,
			</if>
			<if test="remainDate != null">
				remain_date,
			</if>
			<if test="remainTime != null">
				remain_time,
			</if>
			<if test="noticeTime != null">
				notice_time,
			</if>
			<if test="remark != null">
				remark,
			</if>
			<if test="remainStatus != null">
				remain_status,
			</if>
			<if test="createDate != null">
				create_date,
			</if>
			<if test="createBy != null">
				create_by,
			</if>
			<if test="partitionNo !=null and partitionNo !=''">
				partition_no,
			</if>
		</trim>
		<trim prefix="values (" suffix=")" suffixOverrides=",">
			<if test="remainId != null">
				#{remainId,jdbcType=INTEGER},
			</if>
			<if test="remainType != null">
				#{remainType,jdbcType=INTEGER},
			</if>
			<if test="fromModule != null">
				#{fromModule,jdbcType=VARCHAR},
			</if>
			<if test="moduleId != null">
				#{moduleId},
			</if>
			<if test="modulePath != null">
				#{modulePath,jdbcType=VARCHAR},
			</if>
			<if test="content != null">
				#{content,jdbcType=VARCHAR},
			</if>
			<if test="remainDate != null">
				#{remainDate,jdbcType=VARCHAR},
			</if>
			<if test="remainTime != null">
				#{remainTime,jdbcType=VARCHAR},
			</if>
			<if test="noticeTime != null">
				#{noticeTime,jdbcType=INTEGER},
			</if>
			<if test="remark != null">
				#{remark,jdbcType=VARCHAR},
			</if>
			<if test="remainStatus != null">
				#{remainStatus,jdbcType=INTEGER},
			</if>
			<if test="createDate != null">
				#{createDate,jdbcType=VARCHAR},
			</if>
			<if test="createBy != null">
				#{createBy,jdbcType=VARCHAR},
			</if>
			<if test="partitionNo !=null and partitionNo !=''">
				#{partitionNo},
			</if>
		</trim>
	</insert>
	<update id="updateByPrimaryKeySelective" parameterType="com.by.crm.dto.RemainInfoDto">
		update remain_info
		<set>
			<if test="remainType != null">
				remain_type = #{remainType,jdbcType=INTEGER},
			</if>
			<if test="fromModule != null">
				from_module = #{fromModule,jdbcType=VARCHAR},
			</if>
			<if test="moduleId != null">
				module_id = #{moduleId},
			</if>
			<if test="modulePath != null">
				module_path = #{modulePath,jdbcType=VARCHAR},
			</if>
			<if test="content != null">
				content = #{content,jdbcType=VARCHAR},
			</if>
			<if test="remainDate != null">
				remain_date = #{remainDate,jdbcType=VARCHAR},
			</if>
			<if test="remainTime != null">
				remain_time = #{remainTime,jdbcType=VARCHAR},
			</if>
			<if test="noticeTime != null">
				notice_time = #{noticeTime,jdbcType=INTEGER},
			</if>
			<if test="remark != null">
				remark = #{remark,jdbcType=VARCHAR},
			</if>
			<if test="remainStatus != null">
				remain_status = #{remainStatus,jdbcType=INTEGER},
			</if>
			<if test="createDate != null">
				create_date = #{createDate,jdbcType=VARCHAR},
			</if>
			<if test="createBy != null">
				create_by = #{createBy,jdbcType=VARCHAR},
			</if>
		</set>
		where remain_id = #{remainId,jdbcType=INTEGER}
	</update>
	<update id="updateByPrimaryKey" parameterType="com.by.crm.dto.RemainInfoDto">
		update remain_info
		set remain_type = #{remainType,jdbcType=INTEGER},
		from_module =
		#{fromModule,jdbcType=VARCHAR},
		module_id = #{moduleId},
		module_path =
		#{modulePath,jdbcType=INTEGER},
		content = #{content,jdbcType=VARCHAR},
		remain_date = #{remainDate,jdbcType=VARCHAR},
		remain_time =
		#{remainTime,jdbcType=VARCHAR},
		notice_time =
		#{noticeTime,jdbcType=INTEGER},
		remark = #{remark,jdbcType=VARCHAR},
		remain_status = #{remainStatus,jdbcType=INTEGER},
		create_date =
		#{createDate,jdbcType=VARCHAR},
		create_by =
		#{createBy,jdbcType=VARCHAR}
		where remain_id =
		#{remainId,jdbcType=INTEGER}
	</update>

	<update id="changeService">
		update remain_info set remain_status=#{remainStatus} where
		from_module=#{fromModule} and module_id=#{moduleId}
		<if test="partitionNo !=null and partitionNo !=''">
			and partition_no=#{partitionNo}
		</if>
	</update>
</mapper>