<?xml version="1.0" encoding="UTF-8" ?>
<!DOCTYPE mapper PUBLIC "-//mybatis.org//DTD Mapper 3.0//EN" "http://mybatis.org/dtd/mybatis-3-mapper.dtd" >
<mapper namespace="com.crm.assistant.mapper.RemainChangeLogMapper">
	<resultMap id="BaseResultMap" type="com.crm.assistant.model.remain.RemainChangeLogVo">
		<id column="log_id" property="logId" jdbcType="INTEGER" />
		<result column="remain_id" property="remainId" jdbcType="INTEGER" />
		<result column="log_content" property="logContent" jdbcType="VARCHAR" />
		<result column="create_date" property="createDate" jdbcType="VARCHAR" />
		<result column="create_by" property="createBy" jdbcType="VARCHAR" />
	</resultMap>
	<sql id="Base_Column_List">
		log_id, remain_id, log_content, create_date, create_by
	</sql>

	<select id="queryByRemainId" resultMap="BaseResultMap"
		parameterType="java.lang.Integer">
		select *
		from remain_change_log
		where remain_id = #{remainId,jdbcType=INTEGER}
		order by create_date desc
	</select>

	<select id="selectByPrimaryKey" resultMap="BaseResultMap"
		parameterType="java.lang.Integer">
		select
		<include refid="Base_Column_List" />
		from remain_change_log
		where log_id = #{logId,jdbcType=INTEGER}
	</select>

	<select id="deleteByRemainId" parameterType="java.lang.Integer">
		delete from remain_change_log where remain_id =
		#{remainId,jdbcType=INTEGER}
	</select>

	<delete id="deleteByPrimaryKey" parameterType="java.lang.Integer">
		delete from remain_change_log
		where log_id = #{logId,jdbcType=INTEGER}
	</delete>
	<insert id="insert" parameterType="com.crm.assistant.model.remain.RemainChangeLogDto">
		insert into remain_change_log (log_id, remain_id, log_content,
		create_date, create_by)
		values (#{logId,jdbcType=INTEGER}, #{remainId,jdbcType=INTEGER},
		#{logContent,jdbcType=VARCHAR},
		#{createDate,jdbcType=VARCHAR}, #{createBy,jdbcType=VARCHAR})
	</insert>
	<insert id="insertSelective" parameterType="com.crm.assistant.model.remain.RemainChangeLogDto">
		insert into remain_change_log
		<trim prefix="(" suffix=")" suffixOverrides=",">
			<if test="logId != null">
				log_id,
			</if>
			<if test="remainId != null">
				remain_id,
			</if>
			<if test="logContent != null">
				log_content,
			</if>
			<if test="createDate != null">
				create_date,
			</if>
			<if test="createBy != null">
				create_by,
			</if>
			<if test="partitionNo !=null and partitionNo !=''">
				partition_no,
			</if>
		</trim>
		<trim prefix="values (" suffix=")" suffixOverrides=",">
			<if test="logId != null">
				#{logId,jdbcType=INTEGER},
			</if>
			<if test="remainId != null">
				#{remainId,jdbcType=INTEGER},
			</if>
			<if test="logContent != null">
				#{logContent,jdbcType=VARCHAR},
			</if>
			<if test="createDate != null">
				#{createDate,jdbcType=VARCHAR},
			</if>
			<if test="createBy != null">
				#{createBy,jdbcType=VARCHAR},
			</if>
			<if test="partitionNo !=null and partitionNo !=''">
				#{partitionNo},
			</if>
		</trim>
	</insert>
	<update id="updateByPrimaryKeySelective" parameterType="com.crm.assistant.model.remain.RemainChangeLogDto">
		update remain_change_log
		<set>
			<if test="remainId != null">
				remain_id = #{remainId,jdbcType=INTEGER},
			</if>
			<if test="logContent != null">
				log_content = #{logContent,jdbcType=VARCHAR},
			</if>
			<if test="createDate != null">
				create_date = #{createDate,jdbcType=VARCHAR},
			</if>
			<if test="createBy != null">
				create_by = #{createBy,jdbcType=VARCHAR},
			</if>
		</set>
		where log_id = #{logId,jdbcType=INTEGER}
	</update>
	<update id="updateByPrimaryKey" parameterType="com.crm.assistant.model.remain.RemainChangeLogDto">
		update remain_change_log
		set remain_id = #{remainId,jdbcType=INTEGER},
		log_content = #{logContent,jdbcType=VARCHAR},
		create_date = #{createDate,jdbcType=VARCHAR},
		create_by = #{createBy,jdbcType=VARCHAR}
		where log_id = #{logId,jdbcType=INTEGER}
	</update>
</mapper>